Category,FileID
4 - pouring Slime,11IyaICOMHcR-tx8A3h8c-ori_z-kCIp_
4 - pouring Slime,1uLBuF1uTPruteJUqaN0zkUwG46kobXgJ
7 - Hand playing with object,1h74Khes3jB90KovDvWdXmnHhkt3gv6go
7 - Hand playing with object,1HaO_iKZAa_jqgFbJzp3hhoS8pOinrWJs
7 - Hand playing with object,1ndPxN5Qm_9LM7skVnIpUcDp564mQUtCg
14 - Pressing,1-jxDF428A1L617vGSQ-F4MaUsUCkW9UH
6 - Cutting,1RY4rGSY-_Kna75chJP04N7g9-9px1nze
6 - Cutting,1PIay3YLnVi4vyaxVrjhiGubnUK3kfzFG
6 - Cutting,11poo4srYJ7DenSSA3m3wzjoBLYgktXW7
4 - pouring Slime,1wh77Jkrc8CBL2NSLacd12qrRGl86T4UO
7 - Hand playing with object,1efafzaOieymvLBUB0N5X1ScTABIOe2We
14 - Pressing,1mH83aKyaL78MlO1aeEoi_GQVjiunMCeI
6 - Cutting,1AqjPsqJTN8AGSXUqEahpqjlsWg8eTn7G
7 - Hand playing with object,12JwDZQ2FkL6IIjdwZ5S0XvXCbC7TLIP9
7 - Hand playing with object,1zxe_DQ-it2Ftqy-Gl-UrEKVwcWAgjRdv
2 - pouring Liquid,1OLBuPks75HrkM4ZtlV376ChK9Ybnvn9T
2 - pouring Liquid,1sdWU1SpK_0mS8zV0-zYGpgJo3XZLbIR3
2 - pouring Liquid,1yaYEHgN7jus7N1F7o4JAVAQN0ILkKSem
6 - Cutting,1lWguGxwck6H6NKjQsiYUbWSHTDevPmfA
4 - pouring Slime,1TbIcn_xqDer6kyujQ_npoG_KzypMakHa
4 - pouring Slime,1W-Z1UbXln2NbBg1U6i-b_wcSO1wD0TDk
4 - pouring Slime,1SsfomXmJQrcsgMOwrRK0BzWDWuXnBSY0
4 - pouring Slime,1Uq61ioOYEBYmGvLkh-Cq3nuICn-wLO6E
7 - Hand playing with object,1-YkCWtUoZPk5D_ognAqGB81Iz1mXOAtd
7 - Hand playing with object,1MPROATgaXOEhm77ZULnng7iM4F7kcBT6
7 - Hand playing with object,1z_Ysl1jQ5lIi-CoG9Slroa6Dax8dxOIj
7 - Hand playing with object,1nSgljkly4arMgzS-RhZLWZoehch4Sr4Q
2 - pouring Liquid,1JJsndVldagnRbTEqwPlkHttjowHc8L0o
2 - pouring Liquid,1VqWuy8iqG-wr9TEmTb1UH0cyExF0VQf5
2 - pouring Liquid,1Ca5QoK11pGW0hE5V5hrHFHVuQOrKtSK6
2 - pouring Liquid,1QYgBp0bUwMLzgwHj7CL1gazqziWJaI-K
2 - pouring Liquid,1TI8Gp1G5MSzaAb3pc6oZ5enu899JeLUw
2 - pouring Liquid,1h1mrJpsm6soF1ZE4Nwn2fWK0jbtno9DU
11 - Misc,1ZcLb24N3RrYGtPHrCs4q4bkhRBqypLNm
11 - Misc,1mkg5GM4L8gxCmlrOe_48x1unaIp8xp6z
6 - Cutting,1LgGuDJGxMgVg2FOYegtVf_efWHltBjNV
6 - Cutting,1iY2WgA28R3ZM-C97C71lAIo2UcAL0FFr
2 - pouring Liquid,1rsq6MfmqnYhOjPA2e41HXwcnkcxaAnFG
2 - pouring Liquid,13euV1cPcOW2kwfa2yiymMizmCwRcDmep
2 - pouring Liquid,1hO65sB9fFTB54uP3uoSoB6NiA6I28Mti
2 - pouring Liquid,1hDPIFTYDiAAk2V-S53RiJdFzHXN4urX4
12 - Spraying Liquid,1bszUHU7iuTlZvtAXJ7pBkbgu6vGP1_Ww
2 - pouring Liquid,1sIRgqkuiNXqs8Pe7haDOPI8AocoVkn4A
2 - pouring Liquid,1YzShqrZGm9BUZ9Gw9v_uU964tdykgcnC
2 - pouring Liquid,1z8l7yp4wAUcPHhYxsNW3fcdvq9VZC8rD
2 - pouring Liquid,1YpIKPJhPaBicBAN0moV4yDQhA9qXYYHX
11 - Misc,1m3v2fIOrRjkX-8MzCFxNncOA-KTzWY2B
11 - Misc,1JBnJfxvC-w69bQesIB8YjSn3rGth5vof
2 - pouring Liquid,1HUXouNcMTi-5tJWTJmHy6JmQ7Zt4lnOl
2 - pouring Liquid,1cX11xyydoOZJKkLPdOU7gMjNBzS-JiDT
2 - pouring Liquid,1vY7nUElr4Pdu69iwMZGZ4L1IqaGnvMDI
2 - pouring Liquid,1sKQxYtj5AbV9BoAHfm6sAaQ8zFUJ-8KP
12 - Spraying Liquid,1vQq9G05yyqPplHbpMnJ9_hxvd7qXNs2L
12 - Spraying Liquid,1I5rIOkNa3Pqx-rKKQ2EXXzeoYmEQukfV
12 - Spraying Liquid,1HuKFlF-HWmQsa_SAo-Jgxwsd-DhMTZrO
2 - pouring Liquid,1QXl8fTyqQFpBYhD0Bp97ygh-2MAc-AOM
2 - pouring Liquid,1yGbUoMWnZIIV9EMuQ-0ABfPVqYDD6cEE
2 - pouring Liquid,13DtDjTucHWCsVo50jVm1w-mcxL384DgN
2 - pouring Liquid,11QGdQF5ABW_UTt07Ls5J2ASLHl3udmfD
2 - pouring Liquid,1b19b41bsqHV8-xeNYr7dRbTaeCBhrWBo
2 - pouring Liquid,1Mi6ukUnX_v8xpCakEB8ltwZEZeIdWxiu
2 - pouring Liquid,13sRlHyrHMVClgi9relzqDNnk9dmD29-L
2 - pouring Liquid,1-BDTr5ViOrp-zB9eut1TaV8669rbs_tU
2 - pouring Liquid,10fgY8ADgQeRbHmEwh2dZSXp2arR6Qcp-
11 - Misc,16kuDr3Bnh_pAZQW9115wt-fFjmzj0l06
11 - Misc,17fWLfTekAcGPlRM2SIzscMLsUtx3rol6
11 - Misc,1YMjOilOPfaOcQajk2YjazYV5DCl-qx6c
11 - Misc,1h9x9RXAbGClQfj9aJnqKuvKXGQQt9aOZ
2 - pouring Liquid,1bbLRJrZKjBzk7Zf80unX5tM_3gzs79Om
2 - pouring Liquid,1x7vNKLsR3Caj3aWGyj31bPMhmA5YIqLy
2 - pouring Liquid,1MU1RCwdLWGAozUVX5h9IS11DTuZVoPwA
2 - pouring Liquid,1T6x6dx_cPQmvsXxpnTeWIByT7jFiGf9k
2 - pouring Liquid,1ANfhyMIIjH8HYavkMC-iYl0w3Yg8Y_wt
3- Dipping in color,1099mDKCRjQR9rlQtfQ63382w2i927wvD
3- Dipping in color,1wx4-jRV45rgqrH6R9aule58QfMtxd73z
3- Dipping in color,1m2OCAtVpqw1cyjFPWhOP8DZll78u0pMq
3- Dipping in color,10GogQzHU7S-FCL-p8XtKsfVgeFT28_D5
3- Dipping in color,1RIUHM9HH1TJGdxuX9IYHf_HsKld-5t2e
3- Dipping in color,1mEmGQtXsenueQpocIDXbfQN64oUYhAIr
2 - pouring Liquid,1M2CRhuvt7mxGscyJnieYRXsTG89m2Ui8
2 - pouring Liquid,1mlNwabk6Mm_SxmybZ2tlw9V-PAIFZgPe
2 - pouring Liquid,109xQxmcHsfQns2VT0o5CGp8Y9KfG9XBi
2 - pouring Liquid,1UqWpWKafDqwweTnJbOS0TQ9w4p7P-orN
10 - Melting,1i9bAU1MsN8Ef4sSzmrTZnLWP5jMqmXux
10 - Melting,16Ptwp4C7RNaPlpkLRMADnziU1rb_rgw-
2 - pouring Liquid,1lk69LBuCkfdbfBcUYWglS6VNBLhAid7E
2 - pouring Liquid,1Dun6Ksphmo1OoIbLxTGZFZhEZ15Xxw8v
2 - pouring Liquid,1xLYzZO6JGEAByrEHOGpSRnXPFnlD4HAs
3- Dipping in color,1WbLsYMUuj94E99h7v1JTgabPXS9dFqlj
3- Dipping in color,1FF-9EpJP-gRmB4XgdqAmiVFxtlFIi5WK
3- Dipping in color,1MgA8tBUppdKmhKhoEOacpOwKwTPz9Rfl
3- Dipping in color,130LRmE6Ns3OT9cc4gRZl2rdu_PRWSt0f
3- Dipping in color,1yZu5SSgaHWFatHyNk0ZclwD3BHWKJlFb
2 - pouring Liquid,1I8CbbyWpXKxCAVnB3vFtmahIgmU69CG9
2 - pouring Liquid,1XJ6zlD8DDfjAagY5Xh4UUtwzBqSV8-WA
2 - pouring Liquid,1PvZjgrulaauNGQI4lD5odc30Go7NoOJq
2 - pouring Liquid,1f3yxw_qwKoWK9phnaRG5iWkfJdzDltTK
2 - pouring Liquid,1K5Dg3QkI6XlI6uv_XucJbcscHpY9f-kr
10 - Melting,1VsoLehMK80czDR66BanE8dFTgxQjvBDE
10 - Melting,1N6NZlVbY2VeE6QFMwQgFzFbkYU-zWICN
2 - pouring Liquid,1wUmtn7ESZ9LOWTTUKkBzxmYzQfdQ2Pqg
2 - pouring Liquid,1Bjs5_5zmut8dhdZQXx_8gGYD08EeF_WF
2 - pouring Liquid,19Lf1qBX28B5JnxxquJNgVXv0aYj1lVvd
2 - pouring Liquid,1CMYphp_ydJZhbMrGLcAtJ0q5xZ9ON3Zg
11 - Misc,15cpcmzsOCgokgVkQvA6K3eAVmMs-1Fpa
11 - Misc,1bcac_8qUVieJnpbz7i0A8MAFIno4WSB8
6 - Cutting,1mAO-_SJoJscZ7UIa0HzEz0GEVL5VEnjj
6 - Cutting,1pZjGZJ6m3GDadeCuQ8xLNMg7raW9wl8S
6 - Cutting,1_frNktD0-PgIj2mzoDMv-aYEOZzVdSSf
4 - pouring Slime,1g3bBbGGb4Q1Nv1lNHm6naLm_HOghDJG4
4 - pouring Slime,1S58Lcd1inIlm1YMz72y7h2ZQCiojrxJZ
4 - pouring Slime,1Wr-1oSrFpa7ELNkQSYNuFFmmsjwoO7LI
4 - pouring Slime,1q7II-1wFDXjsBIELCLVO9IFPlkpSlUGc
4 - pouring Slime,1WUQBt9r5u8CmhLaPOOY5NH8izz79ievi
5 - Cake Frosting,1t3W_RKlSDVyyfY3EUwaw4SMCJKTWfBKy
5 - Cake Frosting,12eTFWQlIwr7iU9TyzcaldYIpZu8V_xly
5 - Cake Frosting,1Uh0P666Bys6H62vw5CS2-cUD3gY_7G29
7 - Hand playing with object,11LlaFkoluP4ZirQN9z-vo1JO1_esQUTR
7 - Hand playing with object,1wGLE4ulbobbCMLzD52GeijmYjUZSEx9F
7 - Hand playing with object,1qSiS_LIaUGP7BtWGcage5YAHOgBq_P0b
11 - Misc,1KWNHdsFj0VncVuI7AWy-sKZROdA8Gc2k
11 - Misc,1_97T_FQtp0W_27aXUCmOn_0XaYfq-6IP
17 - Peeling,1bjG5sowNrmDcqtdGxHevnpDzYYJonpuk
17 - Peeling,1AcmkSaw5DiD2_O_pamKCWaCMlg4kRBqy
17 - Peeling,14BWj9YgDD-wrOuyoMxsssbMSHg9D6kHS
6 - Cutting,1cob26EJHw6kKF5pJoZGqParAv6CDWvXQ
4 - pouring Slime,163Rfz1KJ6BiMVFJhFAmAligBXk1yyw4r
4 - pouring Slime,1zDDeHPmFeIrIlPI5WXjJv8MBS9CSc_BM
4 - pouring Slime,11kD2iWLXFo_mhQ0PKPzMsg_7Rf5Dil2I
5 - Cake Frosting,1uflKl6b5q_BDrJ86csWbxx3fhU8C-fso
5 - Cake Frosting,174vwwkwRrp8iX8oELrJNCAwxHi8PE1X9
5 - Cake Frosting,1QV7KGqGT8Hihtks7493YvBQFJq2TtE7L
7 - Hand playing with object,1hqeRNfJrByTplcBLUQFmyRnz44x779o1
7 - Hand playing with object,1NK-HaLf72uBGVj4CiJUpHoPUalEzUySm
7 - Hand playing with object,1PE3EKGewsc2kymj8wsPpaqvwB3fQmmVb
7 - Hand playing with object ,1-mJuZO688W-VhX_io4mZkFBiQxOIcf9N
7 - Hand playing with object ,1jCt80KVwgIFijie-5wTAEii7N3IrOhR_
7 - Hand playing with object ,1VI1-_YHx7ICHcLUdv1pT49AMoxFEulbu
6 - Cutting,1Yy_2XrPH_jmSaC_cv5Deos_UawF1vtYv
6 - Cutting,1jrW9lP1UAzj5ebG1U8dNCe7IswBeTwGE
3- Dipping in color ,11jmcExGNBNj1icIp9MTqQxhDVWFSRTyD
3- Dipping in color ,1YlVyc8BBWcM7TdXRrqGQYlFvSgdnm5yl
5 - Cake Frosting,15V001o26YCzvLbxrMdwyGmjdeO-sO0ul
5 - Cake Frosting,1GmHSHjRrnrvxSzXkQQpjMNFu1t1paYOP
5 - Cake Frosting,15j_CC0_hEi2tYHKTpwHp2K2uwcSo42UA
5 - Cake Frosting,1USIbL4cz3Ndpfr7q7avlRVs47fqFtlaG
5 - Cake Frosting,1HWX1XwHD_Qe2Bcbumb367iodh_9bUf5V
7 - Hand playing with object ,1q0FQddqudkcjmMvkI0IdWxMuFT3NoPmH
7 - Hand playing with object ,1y4h7UbTnW8GtRcHeSymkUULVK4_qGF8j
7 - Hand playing with object ,1YTNuItCmC_tn6bKrHkoyk6FBhyGTaXi6
18 - Animals,1s-QugTW8b5k1v6FFaCuhMjtG2R6I1k0A
18 - Animals,1LvLrvQ-cbMDIZkJbBciBPdbI4TQsvVF0
18 - Animals,1wtO7WlldKZKbzu-lzCNIU8r41VXhxwRC
18 - Animals,1MGJqN6QtQEqorqC4nLkBBoDrhkCwPKtG
11 - Misc,1hk6CThNNL8nMpA6mAQD4guDZ1itsxgmy
11 - Misc,1e3i4aaE9dzZHLfHa-HYsQOc4rJDRtlEz
11 - Misc,15TACj0irGOYRRaRT3aeeTYwLb5x7hN58
7 - Hand playing with object ,1SeoRsaVE_7j4nXcABU2AsogtrII1yKd5
11 - Misc,1j0wzytPo6N07bQFnhY4zlNqjwh5BuckL
11 - Misc,1tEWZs-JZWbADiNTYWeH3XWhxROoMNweD
11 - Misc,1ioucqy4AZF6NzLwk-1Vrbapj8FHGBqek
11 - Misc,1-arZhUq6d0lgK1oZfcGzrJ7s1jIZEp3H
8 - Crushing ,1k0-NIRhJNNSCGf-y4nQGBDl70kcgOCi0
8 - Crushing ,14Cg809u38I7SHbkGHnImpKBz2LeafO6-
8 - Crushing ,1xi-vO7pbumFznSFKDxXhHi0pjkyPMRCZ
8 - Crushing ,1Fjes40ARxcftZHaweD26SIT002p_TFDX
6 - Cutting,16Akfb7fueHKFoQMcoo6fIGoIvgcMNniH
99 - No Category Yet,1SiqCU854BMm_61nx49HCpf677wxvo4G_
6 - Cutting,1endEPsL9zJvOMRUT51IzADCe4VGmOChh
7 - Hand playing with object ,1QrdJmoeinKjYJoxA36FMm7M-N02RMh5z
7 - Hand playing with object ,1wD1PlBnRnVEsEDwqICbAvNq_7Mal14Cg
7 - Hand playing with object ,18UM9iyLo_2De9LNOK9Ylyp9U0OeH-w71
7 - Hand playing with object ,1jtS-LR5IGvRp0XdEa6-lK-_D9der_JeU
12 - Spraying Liquid,1yve7F0k4mnP7I8FSeUCbIj-ZkYec_Nbq
12 - Spraying Liquid,1YS5H2htPzapas5PXreI50Pni2B4F7HUp
12 - Spraying Liquid,1tVTHbITgbpzPo6DcRMt_GRt5jnLiqu9G
12 - Spraying Liquid,1-1OJ8aEwgGNKiHZoCFkDetEw7VKBtx04
12 - Spraying Liquid,1ALm_y1kxJHN-wnq7PIEkWPFuuv7nxJO2
99 - No Category Yet,1SLml1DIHoELTbhJcxIAOkOuDUURT9Xt4
99 - No Category Yet,1CPg_v79kkEhQj23WT3s20-qss6-_n5_1
99 - No Category Yet,1xvYL5PURgKvs30Rgbt7oJEM3QGngG_tt
99 - No Category Yet,1B3tJG6F8V7p68okvlet_AhFM7vExoODJ
99 - No Category Yet,1QWUw-7iPYdq-Bxy2HNc3J3ZdZddSp4zh
99 - No Category Yet,1veFV8QM-osC4sKUGu8u3MF_-9aiU5cBe
99 - No Category Yet,1NcP3sCmyS5DmqcViN47ZSBBZXPg58aO6
99 - No Category Yet,1ne4E51iEOSfWze2EfcB0xgbixeLI61i2
99 - No Category Yet,1-qqD8tGtuqzH1wGcEUXkaFlHi4owrOkl
99 - No Category Yet,1fZXIpk8IQPlUqC3oCjdOgL0GRWpgnSxZ
99 - No Category Yet,1yvubfhl5HLn4-98-gEAKSKZ9PuORneGm
99 - No Category Yet,1s0ImEivj-heOwQgX4B6PLCwTXc4lCcKR
99 - No Category Yet,1p94IhVG-YRxh-vhJvxtvMWYhtK1P084k
99 - No Category Yet,1V-uXEvvzzpjDMyioCTzsvFWcwhlzVoJh
99 - No Category Yet,1bB_uX6JvZNXzyYEf5rfhErcikXOwwQh5
99 - No Category Yet,1uDj3PMsudQsroe60UNrBE4gKmsgg4gr2
99 - No Category Yet,1fZ0PLfHXUAgJ7pJk_8fv3sePN6I5TBRS
99 - No Category Yet,1qRBhu_bWT1OUdHAjugJMGCLkO5wrmPEN
99 - No Category Yet,1ufQYNHQnavuR2wtSw6SZsZeSY3ynKIkm
99 - No Category Yet,1kajfkRhjR8NwkLy0AW7Z85-Rx5vU7Tq-
99 - No Category Yet,1kMv3Lr6ZjtQHpJCaDU6Gvcm_9uiiENlX
99 - No Category Yet,131iMC_wuBUQsTf7MzH-M-gYsI1Y6-WQW
99 - No Category Yet,1yw2umIK4FSatNyvKmT3xV0AN76tgL9E4
99 - No Category Yet,1Sj6XGA3g2kUpszxkrVwT2-nQUpkJJwbO
99 - No Category Yet,1f3GmhMyt8Hd9C1BnErypm3g9KiLClg4M
99 - No Category Yet,104BRY8xZrBwsWrusluFAFGwH1AYO5Q16
99 - No Category Yet,1bvNVYFlDCjP-Ipk2vEYQJaZAWzsnLghl
99 - No Category Yet,1SpsQ-xCLMif3sMX6cn4c7OuCWbIoBtQn
99 - No Category Yet,1ieGZJ58fydYBbSMml8tlGZ4a8oxsyV7J
99 - No Category Yet,1QLPqyb8OweTBvFZOM3X2Ysw8S8Tx-9yW
99 - No Category Yet,1Rqb40wJQKyi_bX4nnOtbUVjgL2UXzPKz
99 - No Category Yet,1NAO2nTsRtQiP5ZTf3gYYXHr4tbCmkxsD
99 - No Category Yet,1NZsSgYUAOTsQftN42o1S_NOlAEjsxbMI
99 - No Category Yet,1FS7JMnUlhqIieCZH4mTW7-Q0au9As3tR
99 - No Category Yet,19uew0udZTktvdAa7vwrw9SZaPoUsLy7V
99 - No Category Yet,1_QPLfIPrj7FmIOcgCoBKMexKN_qnPgi4
99 - No Category Yet,1BGmGm4qjrD2yBKWjyQt_jvJ4kAgP6XwL
99 - No Category Yet,1tvdTDCmKsAldYRlVAMadGlt_BFqyIJHC
99 - No Category Yet,18frt142Hdys8xEXh-U90Aoj6KSNTThmd
99 - No Category Yet,1B6RhR4lGlROBgbl5HQmaEtrzS-oTtiyc
99 - No Category Yet,195pUUPYqGNsXyy5L13UFgeyrZPv_eauN
99 - No Category Yet,1iDfVBS9FBDJI94706YQv8GllV61RDzKe
99 - No Category Yet,1sk27noFtxp9BxAqiqP0eeJFItGhLDn0R
99 - No Category Yet,1p83nc6h_0oq6Jd7DbnT9OIPuDqtSlxSQ
99 - No Category Yet,1prZZjmOrbJpN2W8AbtRbhWhqh9S1fTIs
99 - No Category Yet,1Lejr6VTNQwwvRtLYWdAFHCJdlaPTPXIb
99 - No Category Yet,12_Gbu-mbT1eGgqeggXNDWfBIdY1WZ0IK
99 - No Category Yet,1mU-9Nnt_Jb2hoC5Gbd7FopRymNEKdA2N
99 - No Category Yet,1_OM796LYC5NFV26KbfvcaBpCDPnNP1DW
99 - No Category Yet,1bUIIWIxuRIM4wH7dwMt6D41F7O_8jp3i
99 - No Category Yet,1Od5CcDvsrR6rggmGrMjg6o3fKklbF-61
99 - No Category Yet,1mV7uF3SNoQkQfrErbO5Oxn20IX3pKUIi
99 - No Category Yet,1GpdpjkQslVCLrpDcDwgoqsctIkYdSIHA
99 - No Category Yet,1A7k3xBqhvvCwnmHynfBHuFGb0MwD3YSq
99 - No Category Yet,14ikFILwQRCTXBDAXAfcQhBkbOguKJhBu
99 - No Category Yet,1aliWDwDXwqyWQ5_u1IVNmhYDg9Z0vpfJ
99 - No Category Yet,1bC2ptSujc9UcTg6UI1fhz99HHCg864B9
99 - No Category Yet,116w3aT-Hk1wV2CEiwcshMKFcH1VudKk2
99 - No Category Yet,19HlvbUGEkGv021_XcNLZxDXgAjCqK8Z1
99 - No Category Yet,1hh4whIqjgVZfyl2dNHgmqU5A1zWZ9_y1
99 - No Category Yet,1hv3SCoDb0zk9Zc6flvzASZwWBhoJId1t
99 - No Category Yet,1VjT639Db_-6ylE86V8RTyPLnedNL_BPN
99 - No Category Yet,1ER2dlxXXzquoYHoR09Z4ayUcWVyD_GUI
99 - No Category Yet,1tuNMn17TSuydDPq2gXK47NndzPlFamKg
99 - No Category Yet,1ueOn29cqRyZliervZRQ5RfVJ1W_PYUrz
99 - No Category Yet,1tl2aMWp3j9KVi42Xbo1-_CKkqRk84VCk
99 - No Category Yet,14r5Zmw1ogSEgtesqFFQygcvjGlR_MA8O
99 - No Category Yet,16zLE0OgWIq3yG6KOp21HayTPvoAuUKpD
99 - No Category Yet,16dPu-RabCGwGt-94FZ4fl4S9-BX4qt5M
99 - No Category Yet,1PlXLTKbIA6BELdU359eaBpZpWdbTLai9
99 - No Category Yet,1ycGQuhm1DQdrksenrDuU-yFTupsrSrwE
99 - No Category Yet,1CwKIJJUUGOMZFtn8PXG27F0pQmN9lWgI
99 - No Category Yet,14FUjR_Zvplhtp1BCSxrDTILSczCDxA3R
99 - No Category Yet,10bkXK-G1DkCGQGpWu7i3TB7Xon2ojJqV
99 - No Category Yet,1SwyfqyCfhls-Edg2ECnzwWeo3wajzg20
99 - No Category Yet,1vDEo1pC_dWj_wbZsPTPX74zd_6Sr8z91
99 - No Category Yet,1zxksL5kJqhXAOGlr4-grlHPKu1wRX3Nl
99 - No Category Yet,1bQlzvD_dx1tiT6gXDOyJHpngouNITYrz
99 - No Category Yet,1vhmlyzPRdEvIYopi5cJ-N9_B6Ks7ZYL8
99 - No Category Yet,1AfbdKL7vwHb5D6JTlq3AJum3jHdLu4qF
99 - No Category Yet,1IkFYbMUSMz4UpoNQyHcytdHBSlJqG-au
99 - No Category Yet,15aEytwyeIlrJiCtsuPCSuhjPgRFXf-G9
99 - No Category Yet,1zEJpDuLXf7d6Tb9fCtQfLKLlKGlLJi96
99 - No Category Yet,1RCeX2t_3wYlrC6J9qp-6bZzWBuIXL5uY
99 - No Category Yet,1Qwj_2ESqXTKC25yzy5aXvE-rfQPyHuIb
99 - No Category Yet,10qBlKl-Ns22tW_YbylB3pUUgY7EQTld0
99 - No Category Yet,1RS5Ke2DdGMU7i4X6H8I-7kzq9_-etJg-
99 - No Category Yet,1kE5ykZ-90kC0NfkOpV1gVmJAil73OS5q
99 - No Category Yet,1dcovvTtGy5mZh-dHgMkJlfLY1RtRFRin
99 - No Category Yet,1J3H0b1B7Wuh7fRIhMPU6wFTU_Y_spaKb
99 - No Category Yet,1l8WQrHSfUwCyPs9-zra_tFUAAJKbRxmD
99 - No Category Yet,1bUJXmfKlZTnPQPL0fZUTUraFmJdrFZgW
99 - No Category Yet,1n_NFZBeo0PeikambdWoraYISzUOnJkew
99 - No Category Yet,16og4veEB8xW1I56xJMBEu8nQGTjeH0V1
99 - No Category Yet,1ZcGZs7MW33L6Fp9WMhw8luGUxkTqI-na
99 - No Category Yet,130-1pxIIuYOE7IbiSKt56BGkdYbvV1jO
99 - No Category Yet,1ZLJIczXXv1y7NklF37H52uWfs4LKp-Xg
99 - No Category Yet,1iK4Bhb-ElBEV5UWRcl05Ea02u0L8-Qjv
99 - No Category Yet,1hO4M3a_u_PEdCdIOquU416U0pMK-m_JN
99 - No Category Yet,1tLAKC78QVzBkGyeihYpBVGmsO9ZLiklR
99 - No Category Yet,1a1aaEBSahjdDMBh2g6iE3em1uqZkySDk
99 - No Category Yet,1A_yZ26nx0rzWdFTuplf6PPY_MBdr6SnY
99 - No Category Yet,1ELNRv_gchZsriRL85jYzNul9fEDpIFk-
99 - No Category Yet,1yEAFlnp_vx8zzHTSlyCjWspX2zeye3GD
99 - No Category Yet,1xjbQaoNcDKDFluL6fdbGkuBD2NZGHXhY
99 - No Category Yet,1G910adFTRCKhYSFxBfoW03f5ex70Aq4N
99 - No Category Yet,1SazL8CLweCyaBc8UeKPgxz3XqVTeUZkD
99 - No Category Yet,1whFsCeA6msIzK3r-iJFB3UPYh5N6pJE7
99 - No Category Yet,1EyshokFLZBd4KLjUHevTAtnAJsSbruJT
99 - No Category Yet,19uNml2iQ6gZ9mbHvEqKLKo6U5UFlLw9G
99 - No Category Yet,1PYwIborMKWOni1IGkqN9WQ19qmsj1wgc
99 - No Category Yet,1YbYoNX-ktqGvzLnPNw0dbXs-IlmT2TTR
99 - No Category Yet,1baqdNxcbf5oblrBm-HaFqdV6C9qZsCMT
99 - No Category Yet,1yE6cVZDCBoweXD3hJEvUMWNElVSd0nNT
99 - No Category Yet,1QaQCvLOwaebbjUa9LhjqD1Mwo1a1N3YJ
99 - No Category Yet,1fpk_a5SvGbaVIbF2mq0U_yXuUZvdZUIM
99 - No Category Yet,1uju6MZZBDKcO64qK50Y70_GfmA-_rkYd
99 - No Category Yet,1NW6gO0eyCWu8dha8INuDBvXa87dik0QE
99 - No Category Yet,1lxc_oSMQGWOe__1OlaaiKF04XJhsC3fI
99 - No Category Yet,18MCI1Smf4xu9JpsHLPY2e5sAxo9tmRU_
99 - No Category Yet,1LVcuvCUqbhEkeq_BynkNh5BxCX0uyBIy
99 - No Category Yet,1ATIPDcxTe_cz0ZKZ5pvxM_MauYY9yqn4
99 - No Category Yet,1Jc2xj-8sHsrp-muL2eEao7iVno8A2Jnz
99 - No Category Yet,1WYDrfjBksKnIBghi19JDbUn-pFtsBrPE
99 - No Category Yet,1EJIbMvcJQU1E5Rit-5AvjiXtJHWcc4XO
99 - No Category Yet,17IXoafmNvkHdBYs5hfqHdINtYHF8EaRO
99 - No Category Yet,1nmMypl_VbRIvjv1CWkhvs_YWhrEYp6zI
99 - No Category Yet,1dYJ9GElCAOW3NXUf9zhw9Aa8RKaiJIqt
99 - No Category Yet,1RLMIQsKayVdM6XPckXjJl-xH6xm-brwD
99 - No Category Yet,16144118xffEHNckdbpbNi30HDVl2MJpD
99 - No Category Yet,1SFmNIIDI-r_RtfAtPBpeaTbcVh_YMPOW
99 - No Category Yet,1m2RirIP8s1q9bRI09X3tHlJP132Nqyg6
99 - No Category Yet,1PjSo-BsagUMJFRfFKb8MhKogsUOi0Awh
99 - No Category Yet,1oTiCPZXp66o84X7iLMdcOzY2rUniqdtv
99 - No Category Yet,1yOurrWsIpg45p-JAdm2zQESsa4uN_alg
99 - No Category Yet,1PmFtet38N3WBD1nO3oAD8c0kur6I8bBX
99 - No Category Yet,1yayTX0D6UMfkA9hgwO_JyTVSIRPYQDMM
99 - No Category Yet,1OEiR_lS2r9DF1jzKktsFIkxc-suaqY0k
99 - No Category Yet,1_BBl7NIaw_7Ej97QOMJgMB67rBLSBbeK
99 - No Category Yet,1-GmXQJXsDhq7GE5ksObDip5iP2RkBSop
99 - No Category Yet,1GBQt_WPs68RFU9gD1yKNRVnKuVmqFmS7
99 - No Category Yet,1RZ4Mhd3LJBT5fx_hIET9SC-KxBONhhVh
99 - No Category Yet,1nTNrnZ_bTsltA5YzDXGF-Nddtw2zVUq6
99 - No Category Yet,1rIvPPFAQjv6v83JPHMlykHKiECrmDybV
99 - No Category Yet,1PHg1IV-1cd8niSPfXfBf5U9vg_ZKbKzo
99 - No Category Yet,1-oG2MPt55rvSd2Ldue6DrklT2SoXORxf
99 - No Category Yet,1VnMbVZPYMAhRY2i51tTzxPy0tC1y6CoC
99 - No Category Yet,1to9oVo-ibPU0qJUs2Dy_rKBXvhYrgoCF
99 - No Category Yet,1g8X5DccKR8zHefEU2_yBNdu3N2ZRL0V1
99 - No Category Yet,1uJ4z4SNd8yct8bNXE5jcQH8k8uXoiBJ4
99 - No Category Yet,1ap49s8Ls3Mu19MM9tcPbOyxiiE8A_Y6d
99 - No Category Yet,1LL-TAGHkLP3Af3GxA-2ZTuIW4qJivUIP
99 - No Category Yet,1h_VtWv-g3kuvsAgw3H71c6Dg7Us9XWzL
99 - No Category Yet,1OIhVp3PNlpB_Fm6f6FTU08dKxYK3LjcD
99 - No Category Yet,1Z63vGS0qT2QZy3FlKJuvRr92Ru1ywQ6-
99 - No Category Yet,1z3-nxtXzEzzxRTVsTezwqt12zstRTkQp
99 - No Category Yet,1UZWhtdPb45yguE310ztxG0rKVnAc5_2W
99 - No Category Yet,1IDO0tUBhSCpikdAQNzX8GcphAImTqb39
99 - No Category Yet,111q76vOt6sYHUYeu_C3YHubhQBhj-q5g
99 - No Category Yet,1mHsnQUIiXuL6JnuNkjKdvzh1WBWKvnOy
99 - No Category Yet,1pfxweey3MvpuD5VHVAWs3t6kA1DWCu73
99 - No Category Yet,1kRFYo3iYMeJ03QV8O-VE7KA5Hrva5Rbg
99 - No Category Yet,1upZQDsbYOD5V9QongGPFNLGufJMOXivV
99 - No Category Yet,1_LI2ZCWw1Al3Wt6djoFpC4BrhlEcj_Ka
99 - No Category Yet,1NCxVvKOEVgAlspRQPAyiFYXD6TgtSSLv
99 - No Category Yet,1zIJpnAD_yC1j0DmmEpXikZQNE9QIWEQc
99 - No Category Yet,1oXY9TLMhNtOkiHwwbkw2j0Pxxa46iK9N
99 - No Category Yet,1vafumQLxBXPv0NzWGArpQaE7FJV1kGcq
99 - No Category Yet,1DE250xA6w-5NgchRzqC36bl7XwoLKDLx
99 - No Category Yet,1aUKyAdH4ES_Cy9quDV6cq0rvKWk5Ca_v
99 - No Category Yet,1RvJMvSPXZBPRFtE29DzupAa59n6ekN3a
99 - No Category Yet,17dOyu4LHwdwbYPnNBtNwW5a4XrCIOmB7
99 - No Category Yet,1Ituj66TLAZv-XT3S3t3AOW6PDJQeRz4G
99 - No Category Yet,1t-MeiqMoe4lfibcuUamargWjIwbZGlGd
99 - No Category Yet,15HKAps7nfeiyFy5Y9VR54YXfPvYGTTh4
99 - No Category Yet,1oAFKTa0aBNghCEkkW_yQuaDEVGEVtX1L
99 - No Category Yet,1X0IJYjdxueGH1ewXBdQpFYCBSA0L7H3M
99 - No Category Yet,1SNHpOr1bl0wFv9CYkTsx2d16VhX2udJZ
99 - No Category Yet,1FNlmlDCreSMkOfC_FqFRm4Hge6hLO0ru
99 - No Category Yet,1vo4lxlrTTf1X9h7aSgLBr6LyXefiYOCO
99 - No Category Yet,1c2L_xJuucQ98nCHid_JOi2d8oTYAk5nJ
99 - No Category Yet,1OdxraU4tRwYrK3Z877lSm6K6WAu5hGjP
99 - No Category Yet,1EJbVKNw-zL_f1-3m5my07TIQEexc2zvk
99 - No Category Yet,16VHmavFUfbZWgd69pb0yKUf18570FZCs
99 - No Category Yet,1yJyApEOVZavTZQE_SEf3dggRmnpsiDIA
99 - No Category Yet,1J-npU8XlK2sq4wNxBE54klNVgw9qOa-7
99 - No Category Yet,1-6awTP8IrE_QSH5wav2i5NohYyCkrLmC
99 - No Category Yet,1uqCiV4Bj--8i-ORDaZiyHzzofO4MgTD-
99 - No Category Yet,15Nqujre92RmKdoAXwc6PV6ZkJNs2mzFk
99 - No Category Yet,1vYIYoCGT-9A3ix33eRuj1Yy3EHTDrI2Y
99 - No Category Yet,1SH-ZrQarI0Ae1TUO8Y3sDXmnCDEpqStl
99 - No Category Yet,141akLUtivTBIN5rWd8GyWEi8ACVb0J-K
99 - No Category Yet,1GAXU9dDbd-ujWnQl-UgcMvCSR_aIsScW
99 - No Category Yet,1HNU5zxJ5TBQOWkQb28khW-19H15B8VAR
99 - No Category Yet,1ViS4_-eF2phDSng0bNpVo0GlBhn7MKqr
99 - No Category Yet,1CwzxswW8pslKZkBGofFajSdMdH13WJq2
99 - No Category Yet,14kGl_aOl8-vkiOEOW9sm3OgY6JEuOz-A
99 - No Category Yet,12yobukgbVJGbMFEBQk-qDr0bA582nB6Z
99 - No Category Yet,1_gxulQT-9UkQ09SP9uEh_C-va4zIPEpP
99 - No Category Yet,14hZjFYBzGxdHUgTPRDfuDPcUP_0L7fRh
99 - No Category Yet,1VitEOPvHJz7U3yKLl6SaVNUBupe9l2e2
99 - No Category Yet,1FbhruVXF6zHAeqWhF0yQRMECc3k10Bho
99 - No Category Yet,1ANsfm1E1YtiNAuWsIjvG2GIFy9vq9pcS
99 - No Category Yet,1oq5uWDCdT1aPK3H4efpDa8d2W53nkOhf
99 - No Category Yet,1EWsiwwqDpy_rnoAqatmeEoefpG_tkMJn
99 - No Category Yet,13ChwuSRC0oxQAu6Zij5590bavFHWxKmi
99 - No Category Yet,1vApVKVJEK2-rZsl19aMTKN2g_GJTGzGi
99 - No Category Yet,16QszPo9n-qaEzMxU5hrsfqJ1EoLfCGDB
99 - No Category Yet,17r4UD8kRUFdrZwpyzU3-ysH53l4w4lzK
99 - No Category Yet,1MWqJE0vqW9s3OVrt__sHllT7q8KmIOGG
99 - No Category Yet,1mYvBR1KE_LuFlK_e-lUqWQ_NgiJJ8wVy
99 - No Category Yet,1FpfNBkrrOs1yYD46Z0Qiz948zbC39LaU
99 - No Category Yet,1Vgm7W1D0MC5NAsK8XzYfxd8QnLD8ZPJX
99 - No Category Yet,131yegrYW4BgbT0IsqoGn-d-0SrlJS5JG
99 - No Category Yet,1sEIHJjYlYKylgVx0rUCLvLyddAnWho0q
99 - No Category Yet,1kAnEQuvUCibhqKILZQXHPqQxyPlH-qOX
99 - No Category Yet,1hViL1ZOv4auHi9D2DE7uIoKcsg5BMkgF
99 - No Category Yet,1qdB2cYZOIBQOokRltgLNgXY2xZps5PEm
99 - No Category Yet,1fR6DxhavWTfd1vZNj8mh9w9jbffIZ-RD
99 - No Category Yet,1H1TtQSZ3hRFzwZLs0elLp9Y8Rf0J3txC
99 - No Category Yet,1CZ5nHKhijA9HM47Rf31C7-kgGgyKCj6Y
99 - No Category Yet,1fPkJh5s-xAGa6e2iV8330b-AGoOE0Etq
99 - No Category Yet,1NJO-EXuB0wGLFZBBVdMKsQ9ipLR-QLcW
99 - No Category Yet,145DhhsRn2rDLnuYCfh6xk3F7FA7QUeOz
99 - No Category Yet,1RskP5JLg6xbJTK2Tn0IGrFUjuYcdsINA
99 - No Category Yet,1qWF2NSxaxlb8766X6U3QM1W61IV-bsph
99 - No Category Yet,1mTTMXKJlj_joCssplryh6CwX6-P01I9X
99 - No Category Yet,1Pg_zRN5NBZ9woqK9uiVeKRqKTZFfgd2-
99 - No Category Yet,1izvv-f_QoQevaKu9mGDEuAru4YqQEJ5R
99 - No Category Yet,1QxxN0eVhwpILAjfjiWcB2bkvMm9k6z5V
99 - No Category Yet,1Pdm7fC1n-O-LlY5h6o9gb-w57fIhx7Hm
99 - No Category Yet,18JVbVA-jrRdTwzZH1M2q9e1gBUcg51lh
99 - No Category Yet,1qaY5oN3jpPDyCIFbz1BX359aq8Hq7dhR
99 - No Category Yet,1k20dVUfWn0a4OazqmnLQc9AiBoqRLaKC
99 - No Category Yet,1J7A14SqDryoloShFdB05ZWgWD8CpCCY9
99 - No Category Yet,1jVRO8MjJlF28zWnFyWVdnodvGFtghIws
99 - No Category Yet,1H9WsNt3tAL-frdyVWYQypX725pYSQsKG
99 - No Category Yet,1u1kRpaAM4hKm1BmQsnnw4Mxz9WEhkvI9
99 - No Category Yet,1HdCu73iQiP84goQZTWfA9-BhRTCIiLtH
99 - No Category Yet,1rV7tOqX-2F0_T35maRI_86gvCEypajBY
99 - No Category Yet,1nXTCgOVt9JMoe4m4MpLGIBFn1miGuUlM
99 - No Category Yet,1qZ05gUaakTSErtZO7mPb9nb6RNc96Rv4
99 - No Category Yet,15DyvWbtKNduQF2I7LSv2WhG2nldBoKPs
99 - No Category Yet,1apxrOsdBzMxHQI5uGI6ssirdAZfBvxDf
99 - No Category Yet,1ThqTdv9dD17mnWHE8VshLxCH4KeCnL8s
99 - No Category Yet,1w5B9hYdRylW3NAlVqOsfLcAMV_aQHhLj
99 - No Category Yet,1WRp0cCjPKnwFa_6D-OENTGCiPmoF3_uA
99 - No Category Yet,1Ege3bLgJVhDgbCmDutApdJyEAP3BLKy4
99 - No Category Yet,15I1-Loiv8YBvqbIWLJaE5csavGWi-Tdy
99 - No Category Yet,1yyE5m5ptVNLUoNUga7D6H_IBqjt6tSmL
99 - No Category Yet,1MYOPdQKAf69gs01tIVShWCDI1Pvsc4Pb
99 - No Category Yet,1F4oHz2aAlw0_Grmie4WoWRsEkA07WY9d
