item_no,unique_id,name,category
1,10fgY8ADgQeRbHmEwh2dZSXp2arR6Qcp-,10fgY8ADgQeRbHmEwh2dZSXp2arR6Qcp-,2 - pouring Liquid
2,1p94IhVG-YRxh-vhJvxtvMWYhtK1P084k,1p94IhVG-YRxh-vhJvxtvMWYhtK1P084k,99 - No Category Yet
3,1-1OJ8aEwgGNKiHZoCFkDetEw7VKBtx04,1-1OJ8aEwgGNKiHZoCFkDetEw7VKBtx04,12 - Spraying Liquid
4,11jmcExGNBNj1icIp9MTqQxhDVWFSRTyD,11jmcExGNBNj1icIp9MTqQxhDVWFSRTyD,3- Dipping in color
5,1Vgm7W1D0MC5NAsK8XzYfxd8QnLD8ZPJX,1Vgm7W1D0MC5NAsK8XzYfxd8QnLD8ZPJX,99 - No Category Yet
6,1s-QugTW8b5k1v6FFaCuhMjtG2R6I1k0A,1s-QugTW8b5k1v6FFaCuhMjtG2R6I1k0A,18 - Animals
7,1FF-9EpJP-gRmB4XgdqAmiVFxtlFIi5WK,1FF-9EpJP-gRmB4XgdqAmiVFxtlFIi5WK,3- Dipping in color
8,16og4veEB8xW1I56xJMBEu8nQGTjeH0V1,16og4veEB8xW1I56xJMBEu8nQGTjeH0V1,99 - No Category Yet
9,1-jxDF428A1L617vGSQ-F4MaUsUCkW9UH,1-jxDF428A1L617vGSQ-F4MaUsUCkW9UH,14 - Pressing
10,1tEWZs-JZWbADiNTYWeH3XWhxROoMNweD,1tEWZs-JZWbADiNTYWeH3XWhxROoMNweD,11 - Misc
11,19uew0udZTktvdAa7vwrw9SZaPoUsLy7V,19uew0udZTktvdAa7vwrw9SZaPoUsLy7V,99 - No Category Yet
12,1hDPIFTYDiAAk2V-S53RiJdFzHXN4urX4,1hDPIFTYDiAAk2V-S53RiJdFzHXN4urX4,2 - pouring Liquid
13,1-arZhUq6d0lgK1oZfcGzrJ7s1jIZEp3H,1-arZhUq6d0lgK1oZfcGzrJ7s1jIZEp3H,11 - Misc
14,1aUKyAdH4ES_Cy9quDV6cq0rvKWk5Ca_v,1aUKyAdH4ES_Cy9quDV6cq0rvKWk5Ca_v,99 - No Category Yet
15,109xQxmcHsfQns2VT0o5CGp8Y9KfG9XBi,109xQxmcHsfQns2VT0o5CGp8Y9KfG9XBi,2 - pouring Liquid
16,1m2OCAtVpqw1cyjFPWhOP8DZll78u0pMq,1m2OCAtVpqw1cyjFPWhOP8DZll78u0pMq,3- Dipping in color
17,1fR6DxhavWTfd1vZNj8mh9w9jbffIZ-RD,1fR6DxhavWTfd1vZNj8mh9w9jbffIZ-RD,99 - No Category Yet
18,1YzShqrZGm9BUZ9Gw9v_uU964tdykgcnC,1YzShqrZGm9BUZ9Gw9v_uU964tdykgcnC,2 - pouring Liquid
19,1VsoLehMK80czDR66BanE8dFTgxQjvBDE,1VsoLehMK80czDR66BanE8dFTgxQjvBDE,10 - Melting
20,1J-npU8XlK2sq4wNxBE54klNVgw9qOa-7,1J-npU8XlK2sq4wNxBE54klNVgw9qOa-7,99 - No Category Yet
21,1TI8Gp1G5MSzaAb3pc6oZ5enu899JeLUw,1TI8Gp1G5MSzaAb3pc6oZ5enu899JeLUw,2 - pouring Liquid
22,10GogQzHU7S-FCL-p8XtKsfVgeFT28_D5,10GogQzHU7S-FCL-p8XtKsfVgeFT28_D5,3- Dipping in color
23,1PjSo-BsagUMJFRfFKb8MhKogsUOi0Awh,1PjSo-BsagUMJFRfFKb8MhKogsUOi0Awh,99 - No Category Yet
24,1x7vNKLsR3Caj3aWGyj31bPMhmA5YIqLy,1x7vNKLsR3Caj3aWGyj31bPMhmA5YIqLy,2 - pouring Liquid
25,1tVTHbITgbpzPo6DcRMt_GRt5jnLiqu9G,1tVTHbITgbpzPo6DcRMt_GRt5jnLiqu9G,12 - Spraying Liquid
26,1z3-nxtXzEzzxRTVsTezwqt12zstRTkQp,1z3-nxtXzEzzxRTVsTezwqt12zstRTkQp,99 - No Category Yet
27,1HUXouNcMTi-5tJWTJmHy6JmQ7Zt4lnOl,1HUXouNcMTi-5tJWTJmHy6JmQ7Zt4lnOl,2 - pouring Liquid
28,1mkg5GM4L8gxCmlrOe_48x1unaIp8xp6z,1mkg5GM4L8gxCmlrOe_48x1unaIp8xp6z,11 - Misc
29,1dYJ9GElCAOW3NXUf9zhw9Aa8RKaiJIqt,1dYJ9GElCAOW3NXUf9zhw9Aa8RKaiJIqt,99 - No Category Yet
30,1z8l7yp4wAUcPHhYxsNW3fcdvq9VZC8rD,1z8l7yp4wAUcPHhYxsNW3fcdvq9VZC8rD,2 - pouring Liquid
31,1ZcLb24N3RrYGtPHrCs4q4bkhRBqypLNm,1ZcLb24N3RrYGtPHrCs4q4bkhRBqypLNm,11 - Misc
32,1NAO2nTsRtQiP5ZTf3gYYXHr4tbCmkxsD,1NAO2nTsRtQiP5ZTf3gYYXHr4tbCmkxsD,99 - No Category Yet
33,1h1mrJpsm6soF1ZE4Nwn2fWK0jbtno9DU,1h1mrJpsm6soF1ZE4Nwn2fWK0jbtno9DU,2 - pouring Liquid
34,1WbLsYMUuj94E99h7v1JTgabPXS9dFqlj,1WbLsYMUuj94E99h7v1JTgabPXS9dFqlj,3- Dipping in color
35,1RskP5JLg6xbJTK2Tn0IGrFUjuYcdsINA,1RskP5JLg6xbJTK2Tn0IGrFUjuYcdsINA,99 - No Category Yet
36,1wUmtn7ESZ9LOWTTUKkBzxmYzQfdQ2Pqg,1wUmtn7ESZ9LOWTTUKkBzxmYzQfdQ2Pqg,2 - pouring Liquid
37,1h9x9RXAbGClQfj9aJnqKuvKXGQQt9aOZ,1h9x9RXAbGClQfj9aJnqKuvKXGQQt9aOZ,11 - Misc
38,111q76vOt6sYHUYeu_C3YHubhQBhj-q5g,111q76vOt6sYHUYeu_C3YHubhQBhj-q5g,99 - No Category Yet
39,1sdWU1SpK_0mS8zV0-zYGpgJo3XZLbIR3,1sdWU1SpK_0mS8zV0-zYGpgJo3XZLbIR3,2 - pouring Liquid
40,1N6NZlVbY2VeE6QFMwQgFzFbkYU-zWICN,1N6NZlVbY2VeE6QFMwQgFzFbkYU-zWICN,10 - Melting
41,1_LI2ZCWw1Al3Wt6djoFpC4BrhlEcj_Ka,1_LI2ZCWw1Al3Wt6djoFpC4BrhlEcj_Ka,99 - No Category Yet
42,1sIRgqkuiNXqs8Pe7haDOPI8AocoVkn4A,1sIRgqkuiNXqs8Pe7haDOPI8AocoVkn4A,2 - pouring Liquid
43,1AcmkSaw5DiD2_O_pamKCWaCMlg4kRBqy,1AcmkSaw5DiD2_O_pamKCWaCMlg4kRBqy,17 - Peeling
44,1upZQDsbYOD5V9QongGPFNLGufJMOXivV,1upZQDsbYOD5V9QongGPFNLGufJMOXivV,99 - No Category Yet
45,1-BDTr5ViOrp-zB9eut1TaV8669rbs_tU,1-BDTr5ViOrp-zB9eut1TaV8669rbs_tU,2 - pouring Liquid
46,15TACj0irGOYRRaRT3aeeTYwLb5x7hN58,15TACj0irGOYRRaRT3aeeTYwLb5x7hN58,11 - Misc
47,1GBQt_WPs68RFU9gD1yKNRVnKuVmqFmS7,1GBQt_WPs68RFU9gD1yKNRVnKuVmqFmS7,99 - No Category Yet
48,1UqWpWKafDqwweTnJbOS0TQ9w4p7P-orN,1UqWpWKafDqwweTnJbOS0TQ9w4p7P-orN,2 - pouring Liquid
49,1YMjOilOPfaOcQajk2YjazYV5DCl-qx6c,1YMjOilOPfaOcQajk2YjazYV5DCl-qx6c,11 - Misc
50,1-6awTP8IrE_QSH5wav2i5NohYyCkrLmC,1-6awTP8IrE_QSH5wav2i5NohYyCkrLmC,99 - No Category Yet
51,13euV1cPcOW2kwfa2yiymMizmCwRcDmep,13euV1cPcOW2kwfa2yiymMizmCwRcDmep,2 - pouring Liquid
52,15cpcmzsOCgokgVkQvA6K3eAVmMs-1Fpa,15cpcmzsOCgokgVkQvA6K3eAVmMs-1Fpa,11 - Misc
53,10bkXK-G1DkCGQGpWu7i3TB7Xon2ojJqV,10bkXK-G1DkCGQGpWu7i3TB7Xon2ojJqV,99 - No Category Yet
54,1VqWuy8iqG-wr9TEmTb1UH0cyExF0VQf5,1VqWuy8iqG-wr9TEmTb1UH0cyExF0VQf5,2 - pouring Liquid
55,1wtO7WlldKZKbzu-lzCNIU8r41VXhxwRC,1wtO7WlldKZKbzu-lzCNIU8r41VXhxwRC,18 - Animals
56,1g8X5DccKR8zHefEU2_yBNdu3N2ZRL0V1,1g8X5DccKR8zHefEU2_yBNdu3N2ZRL0V1,99 - No Category Yet
57,1QXl8fTyqQFpBYhD0Bp97ygh-2MAc-AOM,1QXl8fTyqQFpBYhD0Bp97ygh-2MAc-AOM,2 - pouring Liquid
58,1LvLrvQ-cbMDIZkJbBciBPdbI4TQsvVF0,1LvLrvQ-cbMDIZkJbBciBPdbI4TQsvVF0,18 - Animals
59,1vYIYoCGT-9A3ix33eRuj1Yy3EHTDrI2Y,1vYIYoCGT-9A3ix33eRuj1Yy3EHTDrI2Y,99 - No Category Yet
60,1bbLRJrZKjBzk7Zf80unX5tM_3gzs79Om,1bbLRJrZKjBzk7Zf80unX5tM_3gzs79Om,2 - pouring Liquid
61,14BWj9YgDD-wrOuyoMxsssbMSHg9D6kHS,14BWj9YgDD-wrOuyoMxsssbMSHg9D6kHS,17 - Peeling
62,14FUjR_Zvplhtp1BCSxrDTILSczCDxA3R,14FUjR_Zvplhtp1BCSxrDTILSczCDxA3R,99 - No Category Yet
63,1b19b41bsqHV8-xeNYr7dRbTaeCBhrWBo,1b19b41bsqHV8-xeNYr7dRbTaeCBhrWBo,2 - pouring Liquid
64,1YS5H2htPzapas5PXreI50Pni2B4F7HUp,1YS5H2htPzapas5PXreI50Pni2B4F7HUp,12 - Spraying Liquid
65,16zLE0OgWIq3yG6KOp21HayTPvoAuUKpD,16zLE0OgWIq3yG6KOp21HayTPvoAuUKpD,99 - No Category Yet
66,1M2CRhuvt7mxGscyJnieYRXsTG89m2Ui8,1M2CRhuvt7mxGscyJnieYRXsTG89m2Ui8,2 - pouring Liquid
67,1MGJqN6QtQEqorqC4nLkBBoDrhkCwPKtG,1MGJqN6QtQEqorqC4nLkBBoDrhkCwPKtG,18 - Animals
68,1FNlmlDCreSMkOfC_FqFRm4Hge6hLO0ru,1FNlmlDCreSMkOfC_FqFRm4Hge6hLO0ru,99 - No Category Yet
69,1PvZjgrulaauNGQI4lD5odc30Go7NoOJq,1PvZjgrulaauNGQI4lD5odc30Go7NoOJq,2 - pouring Liquid
70,1bcac_8qUVieJnpbz7i0A8MAFIno4WSB8,1bcac_8qUVieJnpbz7i0A8MAFIno4WSB8,11 - Misc
71,1FpfNBkrrOs1yYD46Z0Qiz948zbC39LaU,1FpfNBkrrOs1yYD46Z0Qiz948zbC39LaU,99 - No Category Yet
72,1MU1RCwdLWGAozUVX5h9IS11DTuZVoPwA,1MU1RCwdLWGAozUVX5h9IS11DTuZVoPwA,2 - pouring Liquid
73,1MgA8tBUppdKmhKhoEOacpOwKwTPz9Rfl,1MgA8tBUppdKmhKhoEOacpOwKwTPz9Rfl,3- Dipping in color
74,1hv3SCoDb0zk9Zc6flvzASZwWBhoJId1t,1hv3SCoDb0zk9Zc6flvzASZwWBhoJId1t,99 - No Category Yet
75,1lk69LBuCkfdbfBcUYWglS6VNBLhAid7E,1lk69LBuCkfdbfBcUYWglS6VNBLhAid7E,2 - pouring Liquid
76,1HuKFlF-HWmQsa_SAo-Jgxwsd-DhMTZrO,1HuKFlF-HWmQsa_SAo-Jgxwsd-DhMTZrO,12 - Spraying Liquid
77,1RS5Ke2DdGMU7i4X6H8I-7kzq9_-etJg-,1RS5Ke2DdGMU7i4X6H8I-7kzq9_-etJg-,99 - No Category Yet
78,1QYgBp0bUwMLzgwHj7CL1gazqziWJaI-K,1QYgBp0bUwMLzgwHj7CL1gazqziWJaI-K,2 - pouring Liquid
79,1I5rIOkNa3Pqx-rKKQ2EXXzeoYmEQukfV,1I5rIOkNa3Pqx-rKKQ2EXXzeoYmEQukfV,12 - Spraying Liquid
80,1NZsSgYUAOTsQftN42o1S_NOlAEjsxbMI,1NZsSgYUAOTsQftN42o1S_NOlAEjsxbMI,99 - No Category Yet
81,1Bjs5_5zmut8dhdZQXx_8gGYD08EeF_WF,1Bjs5_5zmut8dhdZQXx_8gGYD08EeF_WF,2 - pouring Liquid
82,1099mDKCRjQR9rlQtfQ63382w2i927wvD,1099mDKCRjQR9rlQtfQ63382w2i927wvD,3- Dipping in color
83,1veFV8QM-osC4sKUGu8u3MF_-9aiU5cBe,1veFV8QM-osC4sKUGu8u3MF_-9aiU5cBe,99 - No Category Yet
84,1CMYphp_ydJZhbMrGLcAtJ0q5xZ9ON3Zg,1CMYphp_ydJZhbMrGLcAtJ0q5xZ9ON3Zg,2 - pouring Liquid
85,1mEmGQtXsenueQpocIDXbfQN64oUYhAIr,1mEmGQtXsenueQpocIDXbfQN64oUYhAIr,3- Dipping in color
86,1CZ5nHKhijA9HM47Rf31C7-kgGgyKCj6Y,1CZ5nHKhijA9HM47Rf31C7-kgGgyKCj6Y,99 - No Category Yet
87,1sKQxYtj5AbV9BoAHfm6sAaQ8zFUJ-8KP,1sKQxYtj5AbV9BoAHfm6sAaQ8zFUJ-8KP,2 - pouring Liquid
88,1KWNHdsFj0VncVuI7AWy-sKZROdA8Gc2k,1KWNHdsFj0VncVuI7AWy-sKZROdA8Gc2k,11 - Misc
89,1EJIbMvcJQU1E5Rit-5AvjiXtJHWcc4XO,1EJIbMvcJQU1E5Rit-5AvjiXtJHWcc4XO,99 - No Category Yet
90,11QGdQF5ABW_UTt07Ls5J2ASLHl3udmfD,11QGdQF5ABW_UTt07Ls5J2ASLHl3udmfD,2 - pouring Liquid
91,1vQq9G05yyqPplHbpMnJ9_hxvd7qXNs2L,1vQq9G05yyqPplHbpMnJ9_hxvd7qXNs2L,12 - Spraying Liquid
92,1ieGZJ58fydYBbSMml8tlGZ4a8oxsyV7J,1ieGZJ58fydYBbSMml8tlGZ4a8oxsyV7J,99 - No Category Yet
93,1K5Dg3QkI6XlI6uv_XucJbcscHpY9f-kr,1K5Dg3QkI6XlI6uv_XucJbcscHpY9f-kr,2 - pouring Liquid
94,130LRmE6Ns3OT9cc4gRZl2rdu_PRWSt0f,130LRmE6Ns3OT9cc4gRZl2rdu_PRWSt0f,3- Dipping in color
95,1izvv-f_QoQevaKu9mGDEuAru4YqQEJ5R,1izvv-f_QoQevaKu9mGDEuAru4YqQEJ5R,99 - No Category Yet
96,1Dun6Ksphmo1OoIbLxTGZFZhEZ15Xxw8v,1Dun6Ksphmo1OoIbLxTGZFZhEZ15Xxw8v,2 - pouring Liquid
97,1JBnJfxvC-w69bQesIB8YjSn3rGth5vof,1JBnJfxvC-w69bQesIB8YjSn3rGth5vof,11 - Misc
98,1uJ4z4SNd8yct8bNXE5jcQH8k8uXoiBJ4,1uJ4z4SNd8yct8bNXE5jcQH8k8uXoiBJ4,99 - No Category Yet
99,1T6x6dx_cPQmvsXxpnTeWIByT7jFiGf9k,1T6x6dx_cPQmvsXxpnTeWIByT7jFiGf9k,2 - pouring Liquid
100,1e3i4aaE9dzZHLfHa-HYsQOc4rJDRtlEz,1e3i4aaE9dzZHLfHa-HYsQOc4rJDRtlEz,11 - Misc
